ipid;name;lange_bahntunnel;1_inbetr_jahr_bahntunnel;tunnelsystem;bemerkung;linie;km_go;kanton;geopos
15125102.0;Tunnel de Champel 1;494.0;2019;1-Röhre / 2-Spuren;;152;68.674;Genève;46.18958736168539, 6.154392510049298
15125105.0;Halte Genève-Eaux-Vives;657.0;2019;1-Röhre / 2-Spuren;;152;70.457;Genève;46.20095076923083, 6.1672572826873315
15125108.0;TC Franck Thomas Gradelle;1460.0;2019;1-Röhre / 2-Spuren;;152;70.8;Genève;46.20202554825157, 6.178916592478579
15125245.0;TC du Foron;1136.0;2019;1-Röhre / 2-Spuren;;152;73.24;Genève;46.1956829471277, 6.2054640784191255
15311989.0;Tunnel des Epoisats;431.0;1886;1-Röhre / 1-Spur;;201;9.838;Vaud;46.68012335256161, 6.337012837924744
4569549.0;Tunnel du Mormont nord 4;188.0;2010;1-Röhre / 1-Spur;;210;22.061;Vaud;46.66318141312946, 6.551542367969584
4696796.0;Tunnel du Mormont nord 2;182.0;1856;1-Röhre / 1-Spur;;210;22.068;Vaud;46.663181481097155, 6.5497198744831095
272249.0;Tunnel de St-Blaise (004);155.0;1927;1-Röhre / 2-Spuren;;210;80.141;Neuchâtel;47.01781449240183, 6.990961838152032
1401816.0;Tunnel Places-Bourgeoises;70.0;1860;1-Röhre / 1-Spur;;219;15.478;Neuchâtel;46.95307233150387, 6.753856717090058
770191.0;Tunnel du Gibet(010);678.0;1859;1-Röhre / 1-Spur;;223;2.654;Neuchâtel;46.98810641844862, 6.903735912255663
394684.0;Tunnel du col des Roches (073);433.0;1884;1-Röhre / 1-Spur;107m gehört Frankreich;224;39.507;Neuchâtel;47.049832330998164, 6.71778500350651
1277974.0;Tunnel de Taubenloch 1 ( 039 );239.0;1874;1-Röhre / 1-Spur;;225;37.973;Bern;47.160008381033236, 7.262244872646675
595526.0;Tunnel de Combe (Creux, 076);230.0;1888;1-Röhre / 1-Spur;;225;77.08;Neuchâtel;47.09946660921958, 6.834755716305562
513161.0;Tunnel de Court 1 (066);12.0;1877;1-Röhre / 1-Spur;;226;67.838;Bern;47.24543652792869, 7.348601201253969
513172.0;Tunnel de Court 2 (067);184.0;1900;1-Röhre / 1-Spur;;226;68.061;Bern;47.24655997331835, 7.346156049639627
513223.0;Tunnel de Moutier 3 (050);7.0;1876;1-Röhre / 1-Spur;;226;73.962;Bern;47.285229136665755, 7.380824245782441
513233.0;Tunnel de Moutier 4 (051);8.0;1876;1-Röhre / 1-Spur;;226;74.073;Bern;47.28632470868339, 7.381013956199332
513248.0;Tunnel de Moutier 6 (053);23.0;1876;1-Röhre / 1-Spur;;226;74.721;Bern;47.291615199052906, 7.380007248861511
1074891.0;Tunnel de Choindez 1 (059);29.0;1876;1-Röhre / 2-Spuren;;226;79.343;Jura;47.32520273350692, 7.3750188682584366
1075154.0;Tunnel de Vorbourg (046);37.0;1875;1-Röhre / 1-Spur;;230;86.665;Jura;47.37637896517879, 7.362106632004667
1075134.0;Tunnel du Château (061);230.0;1877;1-Röhre / 1-Spur;;240;102.299;Jura;47.368468467682234, 7.157791790991181
2790735.0;Emmetunnel;1633.0;2004;1-Röhre / 2-Spuren;;400;20.054;Bern;47.08639511006154, 7.572490173741819
2790403.0;Hersiwiltunnel;1000.0;2004;1-Röhre / 2-Spuren;;400;30.55;Solothurn;47.16603083716405, 7.630904026530572
2766814.0;Thunstettentunnel I Nord NBS;889.0;2004;1-Röhre / 2-Spuren;;400;40.749;Bern;47.20920990794982, 7.746199023974075
2529287.0;Murgenthaltunnel;4744.0;2004;1-Röhre / 2-Spuren;;400;51.29;Aargau;47.27029181979018, 7.847980381159367
2821661.0;Wolfachertunnel Nord;577.0;2004;1-Röhre / 1-Spur;;415;68.966;Bern;47.196823339947315, 7.686096596803859
3423766.0;Thunstettentunnel II Süd STL;891.0;2004;1-Röhre / 2-Spuren;;450;62.3;Bern;47.20864076225987, 7.746537586309583
1664143.0;Entlenstaldentunnel;58.0;1875;1-Röhre / 1-Spur;;460;68.599;Luzern;47.012294388267634, 8.065121400110925
1664111.0;Wolhusentunnel;150.0;1875;1-Röhre / 1-Spur;;460;73.699;Luzern;47.056365015527, 8.071590518953254
624460.0;Hauenstein Basistunnel HBT;8135.0;1916;1-Röhre / 2-Spuren;;500;28.705;Basel-Landschaft;47.44133149093568, 7.890813452262203
323085.0;Aarburgertunnel;87.0;1856;1-Röhre / 2-Spuren;;500;42.553;Aargau;47.32375084314627, 7.905003942521674
124518.0;Gütschtunnel Luzern;326.0;1897;1-Röhre / 2-Spuren;;500;93.035;Luzern;47.049885054316356, 8.297452760143338
1590737.0;Adlertunnel;5303.0;2000;1-Röhre / 2-Spuren;;501;10.287;Basel-Landschaft;47.509034269894556, 7.691196947631301
1856651.0;Bucktentunnel;263.0;1857;1-Röhre / 1-Spur;;503;29.161;Basel-Landschaft;47.40611281196951, 7.849577880260787
2013424.0;Schützenmatttunnel;286.0;1901;1-Röhre / 2-Spuren;;510;140.298;Basel-Stadt;47.54965247424775, 7.56840994782615
12096825.0;Tunnel Wöschnau;488.0;2019;1-Röhre / 1-Spur;;540;50.279;Solothurn;47.383844513987256, 8.021087389557664
3511169.0;Rindelfluhtunnel re. Berg G200;201.0;1882;1-Röhre / 1-Spur;;600;6.796;Schwyz;47.05248412501303, 8.523335118178197
624338.0;Rindelfluhtunnel li. See G100;200.0;1904;1-Röhre / 1-Spur;;600;6.842;Schwyz;47.05289946370437, 8.524081373065268
323523.0;Oelbergtunnel;1987.0;1882;1-Röhre / 1-Spur;;600;24.755;Schwyz;46.96295053835895, 8.61599861221638
1457809.0;Windgällentunnel;182.0;1882;1-Röhre / 2-Spuren;;600;47.763;Uri;46.77110507305789, 8.673232092093071
1457911.0;Bristentunnel;710.0;1882;1-Röhre / 2-Spuren;;600;48.847;Uri;46.76486607677117, 8.665552751845386
1441582.0;Märchlisbachgalerie Mitte;25.0;1882;1-Röhre / 2-Spuren;;600;54.061;Uri;46.7321512125839, 8.624885652663249
1459531.0;Muhrentunnel;53.0;1882;1-Röhre / 2-Spuren;;600;57.487;Uri;46.722513320051284, 8.61507519410073
1479106.0;Maienkreuztunnel;78.0;1882;1-Röhre / 2-Spuren;;600;65.503;Uri;46.70851450142293, 8.595366342850514
1479128.0;Obere Entschigtalgalerie;103.0;1882;1-Röhre / 2-Spuren;;600;66.117;Uri;46.70315137557725, 8.59443141078465
1268628.0;Galleria Pardorea;286.0;1882;1-Röhre / 2-Spuren;;600;102.23;Ticino;46.489177949173296, 8.768711243268795
124676.0;Galleria Costa;68.0;1874;1-Röhre / 2-Spuren;;600;160.008;Ticino;46.14660202746805, 8.958240630084143
1752946.0;Galeria Paradiso;758.0;1897;1-Röhre / 2-Spuren;;600;183.771;Ticino;45.9854168205355, 8.956534401728403
13472947.0;Galleria Coldrerio;92.0;1874;1-Röhre / 2-Spuren;;600;200.313;Ticino;45.857782541151856, 8.975989608647192
124656.0;Alte Gruonbachgalerie li. G100;100.0;1882;1-Röhre / 1-Spur;;605;30.173;Uri;46.91529813517892, 8.624374738053382
3511170.0;Aarauer Stadttunnel I Nord;578.0;1996;1-Röhre / 2-Spuren;;649;42.013;Aargau;47.389858710345464, 8.044929464180969
731330.0;Zimmerbergtunnel;1984.0;1897;1-Röhre / 1-Spur;;660;19.115;Zürich;47.245165785659474, 8.575978500530358
124711.0;Friedentaltunnel;120.0;1864;1-Röhre / 1-Spur;;660;63.454;Luzern;47.06116357252691, 8.288710989813547
1380375.0;Rossplattentunnel;48.0;1897;1-Röhre / 1-Spur;;665;10.049;Zug;47.094140462767974, 8.520897775211141
1380475.0;Kalkofentunnel;69.0;1897;1-Röhre / 1-Spur;;665;12.266;Schwyz;47.07567410796792, 8.529720867115511
1380515.0;Mühlefluhtunnel SZ;191.0;1897;1-Röhre / 1-Spur;;665;14.416;Schwyz;47.05979233125261, 8.544694812839797
1856669.0;Koblenztunnel;181.0;1854;1-Röhre / 1-Spur;;702;42.191;Aargau;47.6055798091279, 8.236817689173119
2568129.0;UQB-Altstettertunnel;291.0;2002;1-Röhre / 1-Spur;;714;3.511;Zürich;47.39009421533654, 8.497773440178152
1449395.0;Ulmbergtunnel;848.0;1927;1-Röhre / 2-Spuren;;720;3.307;Zürich;47.36913049688366, 8.527058608670217
2043196.0;Zimmerberg Basistunnel;9421.0;2003;Y / 2-Spur + 2x 1-Spur;Inkl: ZBT Einspur Berg (DfA 725) und ZBT Einspur See (DfA 723);722;2.471;Zürich;47.37440589826601, 8.518057242294045
1472455.0;Hitzbergtunnel;71.0;1967;1-Röhre / 1-Spur;;730;13.933;Zürich;47.30222992746364, 8.594467120143966
1502836.0;Lattenbergtunnel;93.0;1894;1-Röhre / 1-Spur;;730;25.999;Zürich;47.24131866018015, 8.715312349461259
1526966.0;Erlenrunstunnel;45.0;1879;1-Röhre / 1-Spur;;736;82.094;Glarus;46.93973903679736, 9.018578744948424
3320596.0;Tunnel Bahnhof Museumstrasse;772.0;1990;Andere;;745;99.86;Zürich;47.379373926202135, 8.539287501333686
10955783.0;Oerlikontunnel;124.0;2014;1-Röhre / 1-Spur;;748;206.237;Zürich;47.409507180308196, 8.538253793603237
1472408.0;Rötitunnel;153.0;1964;1-Röhre / 1-Spur;;762;52.949;Schaffhausen;47.67672096678956, 8.620371395301884
903779.0;Bommersteintunnel;454.0;1941;1-Röhre / 2-Spuren;;890;15.24;St.AuslandGallen;47.11440315074913, 9.291432811474277
903686.0;Bühltunnel SG;114.0;1859;1-Röhre / 2-Spuren;;890;20.843;St.AuslandGallen;47.11281271554627, 9.219927033295232
903863.0;Stutztunnel;133.0;1859;1-Röhre / 1-Spur;;890;23.758;Glarus;47.11576472603685, 9.182733642015366
2093157.0;Tunnel du Crêt (078);118.0;1904;1-Röhre / 1-Spur;;111;5.336;Vaud;46.48127599832797, 6.782171000033994
2093162.0;Tunnel du Carroz (079);83.0;1904;1-Röhre / 1-Spur;;111;5.782;Vaud;46.481466501656016, 6.776449113989163
15125239.0;TC Gradelle - Seymaz;435.0;2019;1-Röhre / 2-Spuren;;152;72.26;Genève;46.198057094464936, 6.1893624945119585
15125240.0;TC Seymaz - Halte de CHEB;271.0;2019;1-Röhre / 2-Spuren;;152;72.719;Genève;46.19636761329305, 6.193992489986392
3363331.0;Tunnel du Moulin Bornu (034);72.0;1870;1-Röhre / 2-Spuren;;200;23.359;Vaud;46.66330105471975, 6.513930891804045
4696795.0;Tunnel du Mormont sud 1;303.0;1856;1-Röhre / 1-Spur;;210;21.709;Vaud;46.659930834709286, 6.550710733814993
4569550.0;Tunnel du Mormont sud 3;328.0;2010;1-Röhre / 1-Spur;;210;21.738;Vaud;46.660493542972326, 6.552141276312995
2093173.0;Tunnel St-Aubin-Sauges (097);2253.0;1999;1-Röhre / 2-Spuren;;210;56.813;Neuchâtel;46.89335229572743, 6.769490606159166
770252.0;Tunnel de la Sauge (009);118.0;1859;1-Röhre / 1-Spur;;223;9.85;Neuchâtel;46.971447173094404, 6.8156745100902025
1277981.0;Tunnel de Pasquart (038);52.0;1874;1-Röhre / 2-Spuren;;225;34.716;Bern;47.138036050458126, 7.239017979105249
1277959.0;Tunnel de Taubenloch 3 ( 041 );220.0;1874;1-Röhre / 1-Spur;;225;39.316;Bern;47.17045259392602, 7.255198912980755
513255.0;Tunnel de Moutier 7 (054);54.0;1876;1-Röhre / 1-Spur;;226;74.786;Bern;47.292825272193944, 7.381044641029427
989497.0;Angensteintunnel;65.0;1875;1-Röhre / 1-Spur;;230;112.475;Basel-Landschaft;47.46345333640302, 7.604676012737701
3440681.0;Tunnel de Grandvaux (030);392.0;1862;1-Röhre / 2-Spuren;;250;8.858;Vaud;46.49852704977574, 6.729431163425825
595585.0;Tunnel de Vauderens (101);1980.0;2001;1-Röhre / 2-Spuren;;250;32.56;Fribourg;46.636518400794365, 6.865613606106282
2821673.0;Wolfachertunnel Süd;418.0;2004;1-Röhre / 1-Spur;;415;68.97;Bern;47.196349074922644, 7.686121303474734
504984.0;Borntunnel;798.0;1981;1-Röhre / 2-Spuren;;450;42.98;Solothurn;47.321305971444616, 7.89312932434279
11000149.0;Wylerfeldtunnel;300.0;2022;1-Röhre / 1-Spur;;450;103.593;Bern;46.9661709090135, 7.457375164197686
1664151.0;Oberer Schächlitunnel;45.0;1875;1-Röhre / 1-Spur;;460;69.429;Luzern;47.019106883158734, 8.068573702296195
1664159.0;Unterer Schächlitunnel;95.0;1875;1-Röhre / 1-Spur;;460;69.551;Luzern;47.02035684884459, 8.068342618699988
450485.0;Werthensteintunnel;30.0;1875;1-Röhre / 1-Spur;;460;75.916;Luzern;47.05618693485596, 8.09931055928165
124715.0;Zimmereggtunnel;1134.0;1875;1-Röhre / 1-Spur;;460;90.855;Luzern;47.05864103479889, 8.275564296761987
82714.0;Schönheimtunnel;199.0;1896;1-Röhre / 2-Spuren;;500;93.654;Luzern;47.044781692567874, 8.30077051461991
2013544.0;Kannenfeldtunnel;800.0;1901;1-Röhre / 2-Spuren;;510;138.88;Basel-Stadt;47.561422959248546, 7.569401537496271
124555.0;Schiltenneunetunnel;166.0;1897;1-Röhre / 1-Spur;;570;6.544;Luzern;47.05067809498864, 8.342877180397078
124576.0;Seeburgtunnel;113.0;1897;1-Röhre / 1-Spur;;570;7.043;Luzern;47.046492244724654, 8.345386468075382
124595.0;Lerchenbühltunnel;560.0;1897;1-Röhre / 1-Spur;;570;8.698;Luzern;47.038932629502966, 8.36215294001939
124615.0;Lettentunnel LU;37.0;1897;1-Röhre / 1-Spur;;570;11.956;Luzern;47.05679726140032, 8.395892139788504
10977112.0;Galleria Svincolo A2 Biasca;260.0;2016;1-Röhre / 2-Spuren;;595;159.916;Ticino;46.35649236924618, 8.958112041832976
11042750.0;Galleria artificiale Giustizia;106.0;2016;1-Röhre / 2-Spuren;;595;163.608;Ticino;46.32668691738961, 8.97943892120645
124625.0;Axenbergtunnel;1128.0;1882;1-Röhre / 1-Spur;;600;29.255;Uri;46.92629429324317, 8.615357353027234
1457790.0;Intschitunnel;88.0;1882;1-Röhre / 2-Spuren;;600;49.724;Uri;46.76131522039676, 8.655321654422405
1459558.0;Breitentunnel;54.0;1882;1-Röhre / 2-Spuren;;600;51.383;Uri;46.750746588173854, 8.642518796343245
1459524.0;Pfaffensprungtunnel;1475.0;1882;1-Röhre / 2-Spuren;;600;57.665;Uri;46.72246612391792, 8.611517969779978
1478841.0;Kirchbergtunnel;304.0;1882;1-Röhre / 2-Spuren;;600;59.489;Uri;46.70750595139704, 8.601910052117507
1479092.0;Leggisteintunnel;1092.0;1882;1-Röhre / 2-Spuren;;600;64.96;Uri;46.71259268549699, 8.598252219035075
124693.0;Galleria Artoito;74.0;1882;1-Röhre / 2-Spuren;;600;99.226;Ticino;46.49243617720866, 8.756182895180322
124495.0;Galleria Monte Piottino;147.0;1882;1-Röhre / 2-Spuren;;600;101.41;Ticino;46.48997257762833, 8.758685020174802
1296520.0;Galleria la Lume;466.0;1882;1-Röhre / 2-Spuren;;600;114.555;Ticino;46.4273574089156, 8.85534592236937
124672.0;Galleria Meggiagra Gl. 200;102.0;1882;1-Röhre / 1-Spur;;600;160.718;Ticino;46.144060708377104, 8.950557372212955
323313.0;Fronalptunnel;2793.0;1946;1-Röhre / 1-Spur;;604;24.36;Schwyz;46.96642297378739, 8.616498850267213
1856697.0;Galleria Roca Bella;754.0;1980;1-Röhre / 1-Spur;;630;168.868;Ticino;46.180417476968344, 8.836931825700896
1793841.0;Galleria Balerna;616.0;1964;1-Röhre / 1-Spur;;638;203.686;Ticino;45.84677618962443, 9.006982800408897
1940737.0;Heitersbergtunnel;4930.0;1972;Y / 2-Spur + 2x 1-Spur;Inkl: Heitersberg2 (DfA 698) und Heitersberg3 (DfA 650);650;19.554;Aargau;47.43429360523979, 8.31071418717728
1380443.0;Rufibachtunnel;39.0;1897;1-Röhre / 1-Spur;;665;10.661;Schwyz;47.089388447498216, 8.525160513194677
955966.0;Kreuzlibergtunnel;905.0;1961;1-Röhre / 2-Spuren;;710;21.839;Aargau;47.469841220613944, 8.305474523657997
3063466.0;Kohlendreiecktunnel;185.0;2004;1-Röhre / 2-Spuren;;714;1.466;Zürich;47.381807624311044, 8.52160167875407
956313.0;Riesbachtunnel;1355.0;1894;1-Röhre / 1-Spur;;730;6.544;Zürich;47.36235511197055, 8.557544703461073
1318562.0;Täusitunnel;157.0;1859;1-Röhre / 1-Spur;;740;64.743;Zürich;47.251502515865646, 8.861910766581241
1338533.0;Hirschengrabentunnel;1334.0;1894;Y / 2-Spur + 2x 1-Spur;Inkl: Tunnel Hischengraben Axe 161 und Tunnel Hischengraben Axe 261;745;100.772;Zürich;47.37366477264671, 8.547107648356176
1449166.0;Föhrlibucktunnel;193.0;1990;1-Röhre / 2-Spuren;;745;108.601;Zürich;47.40759999144512, 8.611109386074554
1502850.0;Lipperschwenditunnel;54.0;1876;1-Röhre / 1-Spur;;754;28.428;Zürich;47.361070525895194, 8.91863923548415
903947.0;Kerenzerbergtunnel;3955.0;1961;1-Röhre / 2-Spuren;;890;28.6;Glarus;47.12501380472163, 9.121634754261594
162659.0;Tunnel des Crêtes (025);302.0;1880;1-Röhre / 2-Spuren;;100;22.013;Vaud;46.44642626498287, 6.88314505629335
770360.0;Tunnel de Leuk (103);1376.0;2004;1-Röhre / 2-Spuren;;100;116.588;Valais;46.31516600619602, 7.6316025885226
3859968.0;Simplontunnel;19820.0;1900;2-Röhren / 2 x 1-Spur;;100;165.714;Valais;46.31841126355343, 8.020539583532202
13609055.0;Couverture St-Jean;821.0;1995;1-Röhre / 2-Spuren;;150;61.236;Genève;46.20629429159619, 6.129465617665106
15125686.0;Halte Chêne-Bourg;250.0;2019;1-Röhre / 2-Spuren;;152;73.103;Genève;46.196008948876305, 6.197178921519305
394679.0;Tunnel de la Sarraz (033);148.0;1870;1-Röhre / 2-Spuren;;200;22.972;Vaud;46.6604385168974, 6.5155922181559855
3363364.0;Tunnel du Mont d'Or (083);5936.0;1915;1-Röhre / 1-Spur;4947m gehört Frankreich;203;455.32;Bourgogne-Franche-Comté;46.74471750360282, 6.314514919998686
659417.0;Tunnel de Vauseyon (005);58.0;1859;1-Röhre / 2-Spuren;;210;73.534;Neuchâtel;46.989397783372894, 6.915955549736011
1401775.0;Tunnel de la Verrière (017);156.0;1860;1-Röhre / 1-Spur;;219;13.269;Neuchâtel;46.961859832949756, 6.778465095935065
1401799.0;Tunnel des Moyats (019);338.0;1860;1-Röhre / 1-Spur;;219;15.085;Neuchâtel;46.95447490741282, 6.758771847328483
1401823.0;Tunnel de Brot (021);455.0;1860;1-Röhre / 1-Spur;;219;15.832;Neuchâtel;46.951883912531954, 6.750181566762361
1459715.0;Tunnel du Haut de la Tour (24);334.0;1860;1-Röhre / 1-Spur;;219;34.21;Neuchâtel;46.91232547409768, 6.545098217953713
1315870.0;Donnerbühltunnel;400.0;1959;1-Röhre / 2-Spuren;;220;0.732;Bern;46.94875934358791, 7.430431950089185
770234.0;Tunnel de la Luche (008);116.0;1859;1-Röhre / 1-Spur;;223;9.353;Neuchâtel;46.973953865246955, 6.821260236604002
513147.0;Tunnel de Pierre-Pertuis (045);1294.0;1874;1-Röhre / 1-Spur;;226;54.085;Bern;47.211843986195575, 7.194829039742439
513216.0;Tunnel de Moutier 2 (049);14.0;1876;1-Röhre / 1-Spur;;226;73.94;Bern;47.28525438369062, 7.383217489203187
513242.0;Tunnel de Moutier 5 (052);60.0;1876;1-Röhre / 1-Spur;;226;74.576;Bern;47.29103920848878, 7.382490458608288
823558.0;Tunnel de Choindez 2 (060);165.0;1876;1-Röhre / 1-Spur;;226;79.826;Jura;47.32913825511282, 7.3782302330240865
617238.0;Liesbergtunnel;184.0;1875;1-Röhre / 1-Spur;;230;94.916;Basel-Landschaft;47.402642451313255, 7.446009714999169
1075142.0;Tunnel de Glovelier (063);2012.0;1877;1-Röhre / 1-Spur;;240;97.7;Jura;47.341712619485335, 7.194938811073554
1075162.0;Tunnel de Montmelon (064);223.0;1877;1-Röhre / 1-Spur;;240;100.209;Jura;47.35705685462568, 7.174949804945827
1075122.0;Tunnel de Courchavon (037);194.0;1877;1-Röhre / 1-Spur;;240;115.403;Jura;47.43474392947245, 7.063088517209794
2325623.0;Tunnel de la Cornallaz(031);494.0;1862;1-Röhre / 2-Spuren;;250;11.238;Vaud;46.490783706162965, 6.7566746090986864
2363699.0;Grauholztunnel;6286.0;1993;1-Röhre / 2-Spuren;;400;11.731;Bern;47.02391431071197, 7.520618727742567
2790910.0;Gishübeltunnel;845.0;2004;1-Röhre / 2-Spuren;;400;37.149;Bern;47.19907776914086, 7.701140426678521
2790555.0;Langenthaltunnel;1105.0;2003;1-Röhre / 2-Spuren;;400;43.352;Bern;47.22293255297357, 7.773485320223344
1664136.0;Wiggentunnel;40.0;1875;1-Röhre / 1-Spur;;460;48.727;Luzern;46.897197815002194, 7.905525537604207
1664128.0;Wilzigentunnel;250.0;1875;1-Röhre / 1-Spur;;460;67.466;Luzern;47.002546184641304, 8.06099059298528
1478899.0;Wattingentunnel;1084.0;1882;1-Röhre / 2-Spuren;;600;61.39;Uri;46.69483772087088, 8.598591814053348
1268654.0;Galleria Prato;1567.0;1882;1-Röhre / 2-Spuren;;600;102.438;Ticino;46.48604480969238, 8.77070881242271
1252779.0;Galleria Pianotondo;1509.0;1882;1-Röhre / 2-Spuren;;600;115.815;Ticino;46.425592516138266, 8.85953369453462
790459.0;Galleria Monte Ceneri I sinistra;1675.0;1882;1-Röhre / 1-Spur;;600;163.76;Ticino;46.13680928891002, 8.92187019860387
796688.0;Galleria Massagno I sinistra;924.0;1882;1-Röhre / 1-Spur;;600;179.327;Ticino;46.012835044345294, 8.938274923337506
323231.0;Morschachtunnel;1371.0;1947;Y / 2-Spur + 2x 1-Spur;Inkl: Morschachtunnel2 Gl.100 (DfA 604) und Morschachtunnel3 Gl.200 (DfA 604);604;21.511;Schwyz;46.99134655270055, 8.611688349992711
124706.0;Stutzeck-Axenbergtunnel;3375.0;1941;1-Röhre / 1-Spur;;605;28.238;Uri;46.93277972444832, 8.623965210538486
793338.0;Galleria Monte Ceneri II destra;1693.0;1941;1-Röhre / 1-Spur;;607;163.794;Ticino;46.13669580746804, 8.920747988415407
1016390.0;Hüslentunnel;606.0;1998;1-Röhre / 1-Spur;;651;3.933;Luzern;47.09700108611352, 8.299925009428527
1752782.0;Zuger Stadttunnel;585.0;1896;1-Röhre / 1-Spur;;665;0.98;Zug;47.16512435866821, 8.519175987751339
736381.0;Villnacherntunnel;185.0;1875;1-Röhre / 2-Spuren;;700;36.737;Aargau;47.46890473008435, 8.152665236995272
1472036.0;Landikontunnel;484.0;1864;1-Röhre / 1-Spur;;711;15.558;Zürich;47.34805679329733, 8.466063834593015
998055.0;Zürichbergtunnel;5295.0;1990;Y / 2-Spur + 2x 1-Spur;Inkl: Tunnel Zürichbergtunnel Axe 33 (DfA 745) und Tunnel Zürichbergtunnel Axe 42 (DfA 730);745;106.255;Zürich;47.39139356042555, 8.593281125427616
1377310.0;Flughafentunnel;1510.0;1980;1-Röhre / 2-Spuren;;750;8.997;Zürich;47.44557908971489, 8.559816516021272
1180050.0;Wipkingertunnel;1222.0;1856;1-Röhre / 2-Spuren;;751;3.128;Zürich;47.39976246355468, 8.533977750910863
1179910.0;Kühweidtunnel;132.0;1876;1-Röhre / 1-Spur;;754;38.585;Zürich;47.28031308858047, 8.917498093815224
1472189.0;Käferbergtunnel;2118.0;1969;1-Röhre / 2-Spuren;;760;2.76;Zürich;47.40053660378053, 8.525212455943722
1472362.0;Schloss Laufentunnel;66.0;1857;1-Röhre / 1-Spur;;762;52.545;Zürich;47.676414535144744, 8.615020182322796
1575884.0;Dettenbergtunnel;1801.0;1876;1-Röhre / 1-Spur;;769;13.824;Zürich;47.51961665097545, 8.56712592636306
1277988.0;Tunnel de Paudex ( 026 );72.0;1999;1-Röhre / 2-Spuren;;100;3.689;Vaud;46.50770131572594, 6.674078510634113
1277997.0;Tunnel de Bertholod ( 027 );141.0;2020;1-Röhre / 2-Spuren;;100;5.195;Vaud;46.50370495078547, 6.692309401521148
999911.0;Tunnel de la Raspille (072);80.0;2018;1-Röhre / 2-Spuren;;100;110.95;Valais;46.30658742396243, 7.562189616455378
2093145.0;Tunnel de Salanche (077);20.0;1904;1-Röhre / 1-Spur;;111;3.803;Vaud;46.47484589274051, 6.799587720075441
15803643.0;Galerie ICC;327.0;1985;1-Röhre / 2-Spuren;;150;64.832;Genève;46.22528959560027, 6.102008792244073
13147691.0;Tunnel de Pinchat;2026.0;2019;1-Röhre / 2-Spuren;;152;65.868;Genève;46.1729801838092, 6.131562194566361
394694.0;Tunnel de Châtelaine (089);1090.0;1959;1-Röhre / 1-Spur;;154;0.413;Genève;46.20633116748636, 6.1193293946758285
1432242.0;Tunnel de Fin de Lance (099);287.0;2000;1-Röhre / 2-Spuren;;210;51.286;Vaud;46.85388873769528, 6.728680196539787
1401773.0;Tunnel du Bois-de-Ban (018);161.0;1860;1-Röhre / 1-Spur;;219;14.688;Neuchâtel;46.9560186791461, 6.763263362217504
394681.0;Tunnel de St-Sulpice (023);277.0;1860;1-Röhre / 1-Spur;;219;33.753;Neuchâtel;46.913709731650336, 6.550827168842351
513146.0;Tunnel des Loges (013);3260.0;1860;1-Röhre / 1-Spur;;224;22.703;Neuchâtel;47.06004841438793, 6.8846005875203975
1132077.0;Tunnel de Combe (Convers, 006);254.0;1858;1-Röhre / 1-Spur;;224;28.752;Neuchâtel;47.09889428185543, 6.8341548906948955
1075188.0;Tunnel de Taubenloch 5 ( 043 );164.0;1874;1-Röhre / 1-Spur;;225;40.349;Bern;47.17693753127887, 7.2471134897323015
513381.0;Tunnel de Tournedos (044);104.0;1874;1-Röhre / 1-Spur;;225;47.287;Bern;47.19124510985576, 7.17906465355711
513413.0;Tunnel des Crosettes (075);1618.0;1888;1-Röhre / 1-Spur;;225;75.255;Neuchâtel;47.099151003690366, 6.856415974445897
513331.0;Tunnel de Moutier 8 (055);19.0;1876;1-Röhre / 1-Spur;;226;74.98;Bern;47.29379218171531, 7.378081165454728
513349.0;Tunnel Verrerie de Roches;108.0;1876;1-Röhre / 1-Spur;;226;77.585;Jura;47.314213763073504, 7.389512588795824
513356.0;Tunnel Verrerie de Moutier;32.0;1876;1-Röhre / 1-Spur;;226;77.896;Jura;47.31580497567548, 7.386655619174969
1074866.0;Tunnel de Choindez 3 (086);254.0;1932;1-Röhre / 1-Spur;;226;79.825;Jura;47.329033006047894, 7.377380083175242
617264.0;Bärschwiltunnel;116.0;1875;1-Röhre / 1-Spur;;230;96.568;Solothurn;47.402028893848914, 7.464883315015579
1067574.0;Wolftunnel;212.0;1913;1-Röhre / 2-Spuren;;230;121.339;Basel-Stadt;47.53913637177006, 7.607888006772945
1075127.0;Tunnel de la Croix (062);2966.0;1877;1-Röhre / 1-Spur;;240;103.722;Jura;47.3740041999572, 7.1439717486913255
595858.0;Flamattertunnel (011);189.0;1860;1-Röhre / 2-Spuren;;250;83.507;Fribourg;46.888232767706775, 7.312055033908671
2790791.0;Rüdtligentunnel;400.0;2004;1-Röhre / 2-Spuren;;400;18.769;Bern;47.07541182887325, 7.568321751956736
2766345.0;Aegertentunnel;632.0;2004;1-Röhre / 2-Spuren;;400;48.45;Bern;47.254472961672484, 7.821024491269122
323077.0;Burgdorfertunnel;510.0;1857;1-Röhre / 2-Spuren;;450;82.009;Bern;47.06672779212254, 7.635197927653792
124618.0;Schwarzenbachtunnel;124.0;1897;1-Röhre / 1-Spur;;570;18.041;Schwyz;47.094772165010305, 8.450554258326486
124704.0;Stutzecktunnel;988.0;1882;1-Röhre / 1-Spur;;600;27.33;Uri;46.94131002293009, 8.61901620740537
124702.0;Tellsplattentunnel;172.0;1882;1-Röhre / 1-Spur;;600;28.453;Uri;46.932642493894825, 8.612965014419181
1459598.0;Meitschlingertunnel;87.0;1882;1-Röhre / 2-Spuren;;600;51.951;Uri;46.74583742434491, 8.641541702744988
1441715.0;Häggrigerbachgalerie;32.0;1882;1-Röhre / 2-Spuren;;600;55.64;Uri;46.719848597664694, 8.614714974062847
1478779.0;Mühletunnel;88.0;1882;1-Röhre / 2-Spuren;;600;59.226;Uri;46.7098581769097, 8.603298608199736
1478930.0;Rorbachtunnel;230.0;1882;1-Röhre / 2-Spuren;;600;62.097;Uri;46.69592125868228, 8.59469783125509
124697.0;Galleria Stalvedro;194.0;1882;1-Röhre / 2-Spuren;;600;87.685;Ticino;46.52433187142853, 8.626120170652626
124709.0;Galleria Freggio;1568.0;1882;1-Röhre / 2-Spuren;;600;99.841;Ticino;46.495289181128065, 8.75489991389755
1268631.0;Galleria Boscerina;43.0;1882;1-Röhre / 1-Spur;;600;104.53;Ticino;46.48848955656242, 8.773576662665622
782657.0;Galleria Crocetto;275.0;1874;1-Röhre / 2-Spuren;;600;134.095;Ticino;46.33195428343808, 8.98171892344547
782670.0;Galleria Giustizia;64.0;1874;1-Röhre / 2-Spuren;;600;134.59;Ticino;46.32746562040655, 8.98257654755205
14335690.0;Galleria Dragonato;33.0;2018;1-Röhre / 2-Spuren;;600;151.886;Ticino;46.18812197757023, 9.022037701388143
124673.0;Galleria Precassino Gl. 200;402.0;1874;1-Röhre / 1-Spur;;600;160.451;Ticino;46.1445383585634, 8.95385340798286
796770.0;Galleria Massagno II destra;943.0;1933;1-Röhre / 1-Spur;;608;179.322;Ticino;46.01258929634665, 8.937675790743016
761004.0;Albistunnel;3360.0;1897;1-Röhre / 1-Spur;;660;22.003;Zürich;47.22484944494003, 8.558307494610355
1359849.0;Lothenbachtunnel;36.0;1898;1-Röhre / 1-Spur;;665;7.045;Zug;47.11615998425884, 8.500654246595893
11517396.0;Bühltunnel ZG;94.0;2021;1-Röhre / 2-Spuren;;665;8.523;Zug;47.105254497480296, 8.510228887419634
1380436.0;St. Adriantunnel;65.0;1897;1-Röhre / 1-Spur;;665;10.405;Zug;47.09169194946468, 8.523940753237582
1526910.0;Tägerhardtunnel;400.0;1981;1-Röhre / 1-Spur;;704;39.932;Aargau;47.44401530074912, 8.346593068461981
1179966.0;Engetunnel;903.0;1927;1-Röhre / 2-Spuren;;720;4.511;Zürich;47.35889451567614, 8.53106383348587
1472454.0;Erlenbachtunnel;72.0;1894;1-Röhre / 1-Spur;;730;13.927;Zürich;47.3024365740677, 8.595189173930835
137577.0;Aathaltunnel;303.0;1990;1-Röhre / 2-Spuren;;740;77.023;Zürich;47.33366808874015, 8.769093864688108
1377311.0;Hagenholztunnel;3241.0;1980;1-Röhre / 2-Spuren;;750;12.279;Zürich;47.44492810423249, 8.595490232497228
1417189.0;Opfikontunnel I;263.0;1978;1-Röhre / 2-Spuren;;752;7.259;Zürich;47.43068038330191, 8.561237048378214
1449361.0;Platteneinschnitttunnel;15.0;1876;1-Röhre / 1-Spur;;754;39.37;Zürich;47.27373272954922, 8.916987970042246
1472200.0;Rickentunnel;8604.0;1910;1-Röhre / 1-Spur;;853;30.046;St.AuslandGallen;47.22008478491338, 9.0332768816829
1318724.0;Rosenbergtunnel;1466.0;1912;1-Röhre / 2-Spuren;;880;79.3;St.AuslandGallen;47.43200403389306, 9.378662910533935
823297.0;Tunnel de St-Maurice (003);490.0;1859;1-Röhre / 2-Spuren;;100;50.999;Valais;46.22141166825302, 7.002469650839384
12012755.0;Tunnel de Sierre (Gobet);370.0;2015;1-Röhre / 2-Spuren;;100;108.896;Valais;46.29532679268969, 7.541401723217988
770344.0;Tunnel de Varen (102);2799.0;2004;1-Röhre / 2-Spuren;;100;115.109;Valais;46.316744114127964, 7.6130267436103525
3363328.0;Tunnel du Saut-de-Mouton (093);425.0;1993;1-Röhre / 1-Spur;;151;62.234;Genève;46.20730337105316, 6.119758891868659
659049.0;Tunnel de St. Jean (087);221.0;1941;1-Röhre / 2-Spuren;;152;61.859;Genève;46.20542047214834, 6.1243443158466695
770412.0;Tunnel Bois de la Bâtie (088);1078.0;1949;1-Röhre / 2-Spuren;;152;63.516;Genève;46.19212327359885, 6.124175655968453
3789899.0;TC Voirie de Carouge;99.0;2019;1-Röhre / 2-Spuren;;152;67.853;Genève;46.1821284278016, 6.151445683313222
3789903.0;TC Rive gauche;408.0;2019;1-Röhre / 2-Spuren;;152;67.965;Genève;46.1829549187898, 6.152305923355001
13149934.0;Halte Genève-Champel;222.0;2018;1-Röhre / 2-Spuren;;152;68.994;Genève;46.191959950940365, 6.154546381060394
15125104.0;Tunnel de Champel 2;928.0;2019;1-Röhre / 2-Spuren;;152;69.44;Genève;46.19450615438798, 6.158048373041887
17040230.0;TC Théodore Weber;119.0;2019;1-Röhre / 2-Spuren;;152;70.081;Genève;46.19889880313566, 6.163631210620416
3363360.0;Tunnel de Combes (035);100.0;1870;1-Röhre / 2-Spuren;;200;38.43;Vaud;46.726281063768134, 6.452689799189266
3363363.0;Tunnel de Nanchau (036);132.0;1870;1-Röhre / 2-Spuren;;200;39.131;Vaud;46.72891017562152, 6.444204696796994
13645230.0;Tunnel de Concise;366.0;2000;1-Röhre / 2-Spuren;;210;50.487;Vaud;46.84967993181399, 6.720139895567519
1432229.0;Tunnel de la Raisse (098);1256.0;2000;1-Röhre / 2-Spuren;;210;53.401;Vaud;46.865978184670944, 6.7493901697736876
162667.0;Tunnel Vingelz (092);2432.0;1968;1-Röhre / 2-Spuren;;210;103.11;Bern;47.13501982177924, 7.225089941119465
1315896.0;Tunnel de la Loge (014);54.0;1860;1-Röhre / 1-Spur;;219;11.503;Neuchâtel;46.96364999964657, 6.799921861895912
1315895.0;Tunnel de Rochefort (015);72.0;1860;1-Röhre / 1-Spur;;219;11.708;Neuchâtel;46.964065322022655, 6.797368302877763
1315894.0;Tunnel de Champ Rouge (016);85.0;1860;1-Röhre / 1-Spur;;219;12.95;Neuchâtel;46.963838595714215, 6.7818758362122855
1401839.0;Tunnel de Fleurier (022);546.0;1860;1-Röhre / 1-Spur;;219;31.294;Neuchâtel;46.90934535187217, 6.577274921915506
513135.0;Tunnel du Mont Sagne(007);1355.0;1859;1-Röhre / 1-Spur;;224;26.239;Neuchâtel;47.08600318228858, 6.860387287634403
1277966.0;Tunnel de Taubenloch 2 ( 040 );320.0;1874;1-Röhre / 1-Spur;;225;38.338;Bern;47.16325638319738, 7.261109655164601
1075194.0;Tunnel de Taubenloch 4 ( 042 );163.0;1874;1-Röhre / 1-Spur;;225;39.627;Bern;47.17161025996647, 7.251611540605858
513175.0;Tunnel de la Verrerie (068);456.0;1877;1-Röhre / 1-Spur;;226;70.564;Bern;47.26518748108243, 7.356326274312651
513215.0;Tunnel de Moutier 1 (048);31.0;1876;1-Röhre / 1-Spur;;226;73.806;Bern;47.28384117465259, 7.381420679527175
513339.0;Tunnel de Moutier 9 (056);13.0;1876;1-Röhre / 1-Spur;;226;75.133;Bern;47.29542518481347, 7.379622203863863
1075172.0;Tunnel de Malvie ( 065 );213.0;1877;1-Röhre / 1-Spur;;240;100.582;Jura;47.36017024705972, 7.173127267552553
595860.0;Mühletaltunnel (012);400.0;1860;1-Röhre / 2-Spuren;;250;78.827;Fribourg;46.86378602034899, 7.264683930880816
272204.0;Tunnel de Villangeaux (047);424.0;1876;1-Röhre / 1-Spur;;251;33.809;Fribourg;46.63808903471207, 6.808403304811752
2790893.0;Birchiwaldtunnel;39.0;2003;1-Röhre / 2-Spuren;;400;17.147;Bern;47.063486580928696, 7.556730893958258
2821649.0;Oenzbergtunnel;3155.0;2004;1-Röhre / 2-Spuren;;400;34.549;Solothurn;47.19094212405044, 7.66900970516264
1856658.0;Mühlefluhtunnel BL;60.0;1857;1-Röhre / 1-Spur;;503;29.915;Basel-Landschaft;47.3998564289536, 7.8522439984125825
2784110.0;Ob. Hauensteintunnel;2495.0;1857;1-Röhre / 1-Spur;;503;32.245;Solothurn;47.380774629989624, 7.864881328896256
124717.0;Luzerner Stadttunnel;2092.0;1897;1-Röhre / 1-Spur;;570;4.354;Luzern;47.05836459228068, 8.317756375683766
13601245.0;Galleria di base del Ceneri;15530.0;2020;2-Röhren / 2 x 1-Spur;;580;228.14;Ticino;46.15197105150205, 8.9881259757938
2575393.0;Gotthard-Basistunnel;57363.0;2016;2-Röhren / 2 x 1-Spur;;594;256.455;Ticino;46.37489000050978, 8.92169097050503
323166.0;Hochfluhtunnel;584.0;1882;1-Röhre / 1-Spur;;600;22.146;Schwyz;46.98559232791038, 8.612187941786253
323458.0;Franziskustunnel;193.0;1882;1-Röhre / 1-Spur;;600;22.943;Schwyz;46.97851547061832, 8.61110461659936
124700.0;Sulzeggtunnel;128.0;1882;1-Röhre / 1-Spur;;600;30.255;Uri;46.91880904495963, 8.622514383677725
124487.0;Neue Gruonbachgalerie re. G200;98.0;1943;1-Röhre / 1-Spur;;600;30.679;Uri;46.9154267413726, 8.623292181748933
796807.0;Zgraggentaltunnel;70.0;1882;1-Röhre / 2-Spuren;;600;50.943;Uri;46.754630878808584, 8.643706546921305
1479011.0;Untere Entschigtalgalerie;185.0;1882;1-Röhre / 2-Spuren;;600;62.982;Uri;46.70349064199053, 8.59796721808941
1479018.0;Strahllochtunnel;40.0;1882;1-Röhre / 2-Spuren;;600;64.123;Uri;46.712028117195345, 8.603539886069328
1496130.0;Naxbergtunnel;1570.0;1882;1-Röhre / 2-Spuren;;600;67.699;Uri;46.689804169233824, 8.587797112626744
624490.0;Gotthardtunnel;15000.0;1882;1-Röhre / 2-Spuren;;600;77.397;Uri;46.60342987142431, 8.594509386817462
70081.0;Galleria Dazio;354.0;1882;1-Röhre / 2-Spuren;;600;98.829;Ticino;46.49127324308278, 8.751300152726257
1268640.0;Galleria Polmengo;304.0;1882;1-Röhre / 2-Spuren;;600;105.012;Ticino;46.487934490942806, 8.779849676830235
1296558.0;Galleria Tourniquet;72.0;1882;1-Röhre / 2-Spuren;;600;117.011;Ticino;46.42267478779489, 8.856600834906962
1296627.0;Galleria Travi;1547.0;1882;1-Röhre / 2-Spuren;;600;118.661;Ticino;46.421774268181004, 8.86483965898878
1067994.0;Galleria Svitto;291.0;1874;1-Röhre / 2-Spuren;;600;151.463;Ticino;46.191468772447784, 9.024749437634092
795109.0;Galleria Molincero;75.0;1882;1-Röhre / 2-Spuren;;600;170.793;Ticino;46.078338891767395, 8.924780921325002
1752672.0;Galleria San Martino;53.0;1874;1-Röhre / 2-Spuren;;600;184.336;Ticino;45.980201852255014, 8.95599396659085
1783579.0;Galleria Maroggia;570.0;1874;1-Röhre / 2-Spuren;;600;189.829;Ticino;45.9415336600926, 8.967375570302835
124675.0;Galleria Precassino-Meggiagra;713.0;1934;1-Röhre / 1-Spur;;606;160.509;Ticino;46.143024799950545, 8.954447273530834
709960.0;Aarauer Stadttunnel II Süd;615.0;1993;1-Röhre / 2-Spuren;;650;42.018;Aargau;47.38911998508106, 8.045275702006638
12083128.0;Tunnel Eppenberg;3114.0;2020;1-Röhre / 2-Spuren;;650;45.767;Solothurn;47.36942343474066, 8.008762910976353
13357963.0;Doppelspurtunnel Bözberg;2693.0;2020;1-Röhre / 2-Spuren;;700;40.703;Aargau;47.46460670382641, 8.115673176075035
10859399.0;Seebahntunnel;97.0;2001;1-Röhre / 1-Spur;;722;1.523;Zürich;47.380611108936314, 8.524294353569251
10241273.0;Tunnel Bahnhof Löwenstrasse;584.0;2012;Andere;;748;200.733;Zürich;47.37770614199242, 8.537246124876544
10804046.0;Zürich Weinbergtunnel;4977.0;2014;1-Röhre / 2-Spuren;;748;201.974;Zürich;47.37730501558644, 8.55249816820313
1417190.0;Opfikontunnel II;302.0;1980;1-Röhre / 2-Spuren;;750;7.247;Zürich;47.43041653924554, 8.562616002386273
1179899.0;Jonaschluchttunnel;31.0;1876;1-Röhre / 1-Spur;;754;38.256;Zürich;47.28337837984223, 8.91683605526899
1472332.0;Fischerhölzlitunnel;112.0;1897;1-Röhre / 1-Spur;;770;38.159;Schaffhausen;47.67740197531574, 8.607363774546755
1472349.0;Neuhausertunnel;143.0;1897;1-Röhre / 1-Spur;;770;39.222;Schaffhausen;47.679292413533474, 8.619154202674578
3481220.0;Emmersbergtunnel;760.0;1895;1-Röhre / 1-Spur;;820;47.987;Schaffhausen;47.70059471806778, 8.6404878817593
1472205.0;Biberlikopftunnel;289.0;1966;1-Röhre / 2-Spuren;;890;32.858;St.AuslandGallen;47.13146445495739, 9.067035659975721
